Model,Accuracy,AUC_Score,Precision,Recall,F1_Score,MCC_Score
Logistic Regression,0.864430966821263,0.9818434160239707,0.8637703022284523,0.864430966821263,0.8637833976272304,0.841124824109692
Decision Tree Classifier,0.8776311095255084,0.9748988329479956,0.8786970426413281,0.8776311095255084,0.8778575485805432,0.8566176007087879
K-Nearest Neighbor Classifier,0.775240813414199,0.9501020755913332,0.773635358395051,0.775240813414199,0.7730617373789491,0.7366320758867949
Naive Bayes Classifier (Gaussian),0.6072065643952907,0.9184950600473574,0.6189768638983618,0.6072065643952907,0.5762237071153063,0.5484812961032968
Random Forest (Ensemble),0.8929718159115234,0.9884072461774881,0.8937292191505972,0.8929718159115234,0.8926065199844672,0.8746664625905616
XGBoost (Ensemble),0.9011773100249733,0.9900297745595672,0.9014713364660323,0.9011773100249733,0.9012328230379657,0.8841275323434461
