Model,Accuracy,AUC_Score,Precision,Recall,F1_Score,MCC_Score
Logistic Regression,0.8672460482398135,0.9827726471250926,0.8659161991213692,0.8672460482398135,0.8663294872893408,0.8443728505528534
Decision Tree Classifier,0.9025757289501858,0.9888113504917163,0.9028777993737109,0.9025757289501858,0.9025537450070803,0.885796271755909
K-Nearest Neighbor Classifier,1.0,1.0,1.0,1.0,1.0,1.0
Naive Bayes Classifier (Gaussian),0.6159078027583601,0.9160074323682649,0.624279599650921,0.6159078027583601,0.584441572666255,0.5584311742664799
Random Forest (Ensemble),0.9673153221235594,0.9991204887245307,0.9673391929331656,0.9673153221235594,0.9672374864603687,0.9616867367440636
XGBoost (Ensemble),0.9734869954027332,0.9991740275994355,0.9734166980345833,0.9734869954027332,0.9734240822296076,0.9689097978886032
